-- Adminer 4.2.3 MySQL dump

SET NAMES utf8;
SET time_zone = '+00:00';
SET foreign_key_checks = 0;
SET sql_mode = 'NO_AUTO_VALUE_ON_ZERO';

DROP TABLE IF EXISTS `fbb_auth_assignment`;
CREATE TABLE `fbb_auth_assignment` (
  `item_name` varchar(64) COLLATE utf8_unicode_ci NOT NULL,
  `user_id` varchar(64) COLLATE utf8_unicode_ci NOT NULL,
  `created_at` int(11) DEFAULT NULL,
  PRIMARY KEY (`item_name`,`user_id`),
  CONSTRAINT `fbb_auth_assignment_ibfk_1` FOREIGN KEY (`item_name`) REFERENCES `fbb_auth_item` (`name`) ON DELETE CASCADE ON UPDATE CASCADE
) ENGINE=InnoDB DEFAULT CHARSET=utf8 COLLATE=utf8_unicode_ci;

INSERT INTO `fbb_auth_assignment` (`item_name`, `user_id`, `created_at`) VALUES
('admin',	'1',	1453898357),
('worker',	'2',	1465415949);

DROP TABLE IF EXISTS `fbb_auth_item`;
CREATE TABLE `fbb_auth_item` (
  `name` varchar(64) COLLATE utf8_unicode_ci NOT NULL,
  `type` int(11) NOT NULL,
  `description` text COLLATE utf8_unicode_ci,
  `rule_name` varchar(64) COLLATE utf8_unicode_ci DEFAULT NULL,
  `data` text COLLATE utf8_unicode_ci,
  `created_at` int(11) DEFAULT NULL,
  `updated_at` int(11) DEFAULT NULL,
  PRIMARY KEY (`name`),
  KEY `rule_name` (`rule_name`),
  KEY `idx-auth_item-type` (`type`),
  CONSTRAINT `fbb_auth_item_ibfk_1` FOREIGN KEY (`rule_name`) REFERENCES `fbb_auth_rule` (`name`) ON DELETE SET NULL ON UPDATE CASCADE
) ENGINE=InnoDB DEFAULT CHARSET=utf8 COLLATE=utf8_unicode_ci;

INSERT INTO `fbb_auth_item` (`name`, `type`, `description`, `rule_name`, `data`, `created_at`, `updated_at`) VALUES
('admin',	1,	'Administrator',	NULL,	NULL,	1453898357,	1453898357),
('configure grid view',	2,	'Configure Grid View',	NULL,	NULL,	1465805967,	1465805967),
('create user',	2,	'Create user',	NULL,	NULL,	1465801192,	1465801192),
('delete self user',	2,	'Delete self user',	NULL,	NULL,	1465804080,	1465804080),
('delete users',	2,	'Delete users',	NULL,	NULL,	1465804090,	1465804090),
('display languages',	2,	'Display languages list',	NULL,	NULL,	1465415949,	1465415949),
('display settings',	2,	'Display settings',	NULL,	NULL,	1465812404,	1465812404),
('save language',	2,	'Create, update, manage and delete language',	NULL,	NULL,	1465415949,	1465415949),
('save settings',	2,	'Save settings',	NULL,	NULL,	1465812433,	1465812433),
('update self user',	2,	'Update self user',	NULL,	NULL,	1465802646,	1465802646),
('update users',	2,	'Update all users',	NULL,	NULL,	1465802615,	1465802615),
('view self user',	2,	'View concrete user',	NULL,	NULL,	1465805202,	1465805202),
('view users',	2,	'View all users',	NULL,	NULL,	1465805233,	1465805233),
('worker',	1,	'Pracownik',	NULL,	NULL,	1453898357,	1453898357);

DROP TABLE IF EXISTS `fbb_auth_item_child`;
CREATE TABLE `fbb_auth_item_child` (
  `parent` varchar(64) COLLATE utf8_unicode_ci NOT NULL,
  `child` varchar(64) COLLATE utf8_unicode_ci NOT NULL,
  PRIMARY KEY (`parent`,`child`),
  KEY `child` (`child`),
  CONSTRAINT `fbb_auth_item_child_ibfk_1` FOREIGN KEY (`parent`) REFERENCES `fbb_auth_item` (`name`) ON DELETE CASCADE ON UPDATE CASCADE,
  CONSTRAINT `fbb_auth_item_child_ibfk_2` FOREIGN KEY (`child`) REFERENCES `fbb_auth_item` (`name`) ON DELETE CASCADE ON UPDATE CASCADE
) ENGINE=InnoDB DEFAULT CHARSET=utf8 COLLATE=utf8_unicode_ci;

INSERT INTO `fbb_auth_item_child` (`parent`, `child`) VALUES
('admin',	'configure grid view'),
('admin',	'create user'),
('admin',	'delete users'),
('admin',	'display languages'),
('admin',	'display settings'),
('admin',	'save language'),
('admin',	'save settings'),
('admin',	'update users'),
('admin',	'view users'),
('worker',	'delete self user'),
('worker',	'display languages'),
('worker',	'update self user'),
('worker',	'view self user');

DROP TABLE IF EXISTS `fbb_auth_rule`;
CREATE TABLE `fbb_auth_rule` (
  `name` varchar(64) COLLATE utf8_unicode_ci NOT NULL,
  `data` text COLLATE utf8_unicode_ci,
  `created_at` int(11) DEFAULT NULL,
  `updated_at` int(11) DEFAULT NULL,
  PRIMARY KEY (`name`)
) ENGINE=InnoDB DEFAULT CHARSET=utf8 COLLATE=utf8_unicode_ci;


DROP TABLE IF EXISTS `fbb_cron_queue`;
CREATE TABLE `fbb_cron_queue` (
  `id` int(11) NOT NULL AUTO_INCREMENT,
  `data` text COLLATE utf8_unicode_ci NOT NULL,
  `type` varchar(128) COLLATE utf8_unicode_ci NOT NULL,
  `description` varchar(256) COLLATE utf8_unicode_ci NOT NULL,
  `status` int(11) NOT NULL DEFAULT '0',
  PRIMARY KEY (`id`)
) ENGINE=InnoDB DEFAULT CHARSET=utf8 COLLATE=utf8_unicode_ci;


DROP TABLE IF EXISTS `fbb_grid_view_config`;
CREATE TABLE `fbb_grid_view_config` (
  `id` int(11) NOT NULL AUTO_INCREMENT,
  `user_id` int(11) NOT NULL,
  `model_id` int(11) NOT NULL,
  `property` varchar(128) COLLATE utf8_unicode_ci NOT NULL,
  `value` tinyint(4) DEFAULT '0',
  `type` varchar(64) COLLATE utf8_unicode_ci DEFAULT 'text',
  `class` varchar(128) COLLATE utf8_unicode_ci DEFAULT NULL,
  `position` int(11) NOT NULL,
  PRIMARY KEY (`id`)
) ENGINE=InnoDB DEFAULT CHARSET=utf8 COLLATE=utf8_unicode_ci;


DROP TABLE IF EXISTS `fbb_grid_view_models`;
CREATE TABLE `fbb_grid_view_models` (
  `id` int(11) NOT NULL AUTO_INCREMENT,
  `namespace` varchar(128) COLLATE utf8_unicode_ci NOT NULL,
  PRIMARY KEY (`id`)
) ENGINE=InnoDB DEFAULT CHARSET=utf8 COLLATE=utf8_unicode_ci;


DROP TABLE IF EXISTS `fbb_i18n`;
CREATE TABLE `fbb_i18n` (
  `id` int(11) NOT NULL AUTO_INCREMENT,
  `name` varchar(64) COLLATE utf8_unicode_ci NOT NULL,
  `symbol` varchar(10) COLLATE utf8_unicode_ci NOT NULL,
  PRIMARY KEY (`id`)
) ENGINE=InnoDB DEFAULT CHARSET=utf8 COLLATE=utf8_unicode_ci;

INSERT INTO `fbb_i18n` (`id`, `name`, `symbol`) VALUES
(1,	'Polski',	'pl_PL'),
(7,	'English',	'en_US');

DROP TABLE IF EXISTS `fbb_i18n_message`;
CREATE TABLE `fbb_i18n_message` (
  `id` int(11) NOT NULL,
  `language` varchar(64) COLLATE utf8_unicode_ci NOT NULL,
  `translation` text COLLATE utf8_unicode_ci,
  KEY `INDEX` (`id`),
  CONSTRAINT `fk_message_source_message` FOREIGN KEY (`id`) REFERENCES `fbb_i18n_source` (`id`) ON DELETE CASCADE
) ENGINE=InnoDB DEFAULT CHARSET=utf8 COLLATE=utf8_unicode_ci;

INSERT INTO `fbb_i18n_message` (`id`, `language`, `translation`) VALUES
(1,	'pl_PL',	'Nazwa użytkownika'),
(2,	'pl_PL',	'Imię i nazwisko'),
(3,	'pl_PL',	'Hasło'),
(4,	'pl_PL',	'Powtórz hasło'),
(5,	'pl_PL',	'Rola'),
(6,	'pl_PL',	'Rola'),
(7,	'pl_PL',	'Utworzony'),
(8,	'pl_PL',	'Adres email'),
(9,	'pl_PL',	'Wszyscy'),
(10,	'pl_PL',	'Dodaj użytkownika'),
(11,	'pl_PL',	'Podgląd'),
(12,	'pl_PL',	'Usuń'),
(13,	'pl_PL',	'Edytuj'),
(14,	'pl_PL',	'Informacje'),
(15,	'pl_PL',	'Ogólne'),
(16,	'pl_PL',	'Serwer SMTP'),
(17,	'pl_PL',	'Domyślny tytuł'),
(18,	'pl_PL',	'Menadżer plików'),
(19,	'pl_PL',	'Nazwa firmy'),
(20,	'pl_PL',	'Adres email'),
(21,	'pl_PL',	'Numer telefonu'),
(22,	'pl_PL',	'Strona internetowa'),
(23,	'pl_PL',	'Ulica i numer'),
(24,	'pl_PL',	'Miasto'),
(25,	'pl_PL',	'Kod pocztowy'),
(26,	'pl_PL',	'Host'),
(27,	'pl_PL',	'Login'),
(28,	'pl_PL',	'Hasło'),
(29,	'pl_PL',	'Port'),
(30,	'pl_PL',	'Fioletowy'),
(31,	'pl_PL',	'Fioletowy Jasny'),
(32,	'pl_PL',	'Motyw'),
(33,	'pl_PL',	'Czarny'),
(34,	'pl_PL',	'Czarny Jasny'),
(35,	'pl_PL',	'Niebieski'),
(36,	'pl_PL',	'Niebieski Jasny'),
(37,	'pl_PL',	'Zielony'),
(38,	'pl_PL',	'Zielony Jasny'),
(39,	'pl_PL',	'Czerwony'),
(40,	'pl_PL',	'Czerwony Jasny'),
(41,	'pl_PL',	'Żółty'),
(42,	'pl_PL',	'Żółty Jasny'),
(43,	'pl_PL',	'Wyloguj'),
(44,	'pl_PL',	'Dołączył'),
(45,	'pl_PL',	'Konto'),
(46,	'pl_PL',	'Pokaż/Ukryj nawigację'),
(47,	'pl_PL',	'Nawigacja'),
(48,	'pl_PL',	'Strona główna'),
(49,	'pl_PL',	'Menadżer Plików'),
(50,	'pl_PL',	'Użytkownicy'),
(51,	'pl_PL',	'Ustawienia'),
(52,	'pl_PL',	'Wybierz typ konta'),
(53,	'pl_PL',	'Utwórz'),
(54,	'pl_PL',	'Zaktualizuj'),
(55,	'pl_PL',	'Użytkownicy'),
(56,	'pl_PL',	'Pokaż wszystkich'),
(57,	'pl_PL',	'Użytkowników'),
(58,	'pl_PL',	'Użytkownik'),
(59,	'pl_PL',	'Wystąpił nieoczekiwany błąd, skontaktuj się z administratorem.'),
(60,	'pl_PL',	'Wystąpił błąd, nie masz odpowiednich uprawnień.'),
(61,	'pl_PL',	'Nie możesz edytować tego obiektu, nie posiadasz odpowiednich uprawnień.'),
(62,	'pl_PL',	'Zaktualizowano pomyślnie.'),
(63,	'pl_PL',	'Nie możesz usunąć tego obiektu, nie posiadasz odpowiednich uprawnień.'),
(64,	'pl_PL',	'Użytkownik {account} został usunięty pomyślnie.'),
(65,	'pl_PL',	'Ten obiekt nie może być usunięty.'),
(66,	'pl_PL',	'Nie masz uprawnień by dodać nowego użytkownika.'),
(67,	'pl_PL',	'Nie możesz zobaczyć danych tego obiektu, nie masz odpowiednich uprawnień.'),
(68,	'pl_PL',	'Nie masz uprawnień by zapisać te ustawienia.'),
(69,	'pl_PL',	'Edycja użytkownika'),
(70,	'pl_PL',	'Nie masz odpowiednich uprawnień, by wyświetlić tę stronę.'),
(71,	'pl_PL',	'Zmiany zostały zapisane pomyślnie.'),
(77,	'pl_PL',	'Wszystko'),
(83,	'pl_PL',	'Tekst w stopce'),
(85,	'pl_PL',	'Szyfrowanie'),
(86,	'pl_PL',	'Hasło'),
(87,	'pl_PL',	'Nadawca'),
(88,	'pl_PL',	'Języki'),
(89,	'pl_PL',	'Wszystkie'),
(91,	'pl_PL',	'Dodaj język'),
(92,	'pl_PL',	'Nazwa'),
(93,	'pl_PL',	'Skrót'),
(94,	'pl_PL',	'Zarządzaj'),
(95,	'pl_PL',	'Szczegóły'),
(96,	'pl_PL',	'Zaktualizuj język'),
(97,	'pl_PL',	'Skrót musi być w formacie np. pl_PL'),
(98,	'pl_PL',	'Język'),
(99,	'pl_PL',	'Wybierz język'),
(100,	'language',	'Zaktualizuj język'),
(101,	'pl_PL',	'Skrót musi być w formacie np. pl_PL'),
(102,	'pl_PL',	'Zaktualizuj jzyk'),
(103,	'pl_PL',	'Pozycja nawigacji'),
(104,	'pl_PL',	'Wybierz pozycję'),
(105,	'pl_PL',	'Po lewo (pasek boczny)'),
(106,	'pl_PL',	'Na górze (nagłówek)'),
(107,	'pl_PL',	'Poziom zmiany języka'),
(108,	'pl_PL',	'Wybierz poziom języka'),
(109,	'pl_PL',	'Ciasteczka'),
(110,	'pl_PL',	'Użytkownika'),
(111,	'pl_PL',	'Globalny'),
(112,	'pl_PL',	'Język'),
(113,	'pl_PL',	'Konta testowe'),
(114,	'pl_PL',	'Hasło'),
(115,	'pl_PL',	'Zaloguj się'),
(116,	'pl_PL',	'Zresetuj hasło'),
(117,	'pl_PL',	'Logowanie'),
(118,	'pl_PL',	'Proszę wprowadzić swój adres email. Link do zresetowania hasła zostanie wysłany na podany adres.'),
(119,	'pl_PL',	'Wyślij'),
(120,	'pl_PL',	'Zapisz'),
(121,	'pl_PL',	'Zlecenie utworzenia nowego hasła'),
(122,	'pl_PL',	'Mailer'),
(123,	'pl_PL',	'Wysłane'),
(124,	'pl_PL',	'Wysłane'),
(125,	'pl_PL',	'Wiadomości'),
(126,	'pl_PL',	'Części wiadomości'),
(127,	'pl_PL',	'Subskrybenci'),
(128,	'pl_PL',	'Wyślij wiadomość'),
(129,	'pl_PL',	'Utwórz wiadomość'),
(130,	'pl_PL',	'Zaimportuj subskrybentów'),
(131,	'pl_PL',	'Wyeksportuj subskrybentów'),
(132,	'pl_PL',	'Tytuł wiadomości'),
(133,	'pl_PL',	'Status'),
(134,	'pl_PL',	'Data wysłania'),
(135,	'pl_PL',	'Systemowa'),
(136,	'pl_PL',	'Język'),
(137,	'pl_PL',	'Nazwa'),
(138,	'pl_PL',	'Treść'),
(139,	'pl_PL',	'Dołącz domyślny nagłówek'),
(140,	'pl_PL',	'Dołącz domyślną stopkę'),
(141,	'pl_PL',	'Systemowa'),
(142,	'pl_PL',	'Pamiętaj aby sprawdzić czy istnieje domyślnye nagłówek, bądź stopka dla wybranego języka.'),
(143,	'pl_PL',	'Utwórz wiadomość'),
(144,	'pl_PL',	'Nie'),
(145,	'pl_PL',	'Tak'),
(146,	'pl_PL',	'Nazwa'),
(147,	'pl_PL',	'Tytuł'),
(148,	'pl_PL',	'Treść'),
(149,	'pl_PL',	'Język'),
(150,	'pl_PL',	'Imię'),
(151,	'pl_PL',	'Adres email'),
(152,	'pl_PL',	'Data dołączenia'),
(153,	'pl_PL',	'Zaimportuj z pliku CSV'),
(154,	'pl_PL',	'Zaimportuj subskrybentów'),
(155,	'pl_PL',	'Do pracowników'),
(156,	'pl_PL',	'Do subskrybentów'),
(157,	'pl_PL',	'Wyślij wiadomość'),
(158,	'pl_PL',	'Wiadomość'),
(159,	'pl_PL',	'Wybierz wiadomość'),
(160,	'pl_PL',	'W tej wiadomości, możesz użyć tzw. tagów, które będą zastąpione przez tresc podczas wysyłania wiadomości.'),
(161,	'pl_PL',	'Odnośnik do zresetowania hasła'),
(162,	'pl_PL',	'Sprawdź swóją skrzynkę pocztową w celu kontynuacji operacji.'),
(163,	'pl_PL',	'Hasło zostało zmienione. Możesz się traz zalogować.'),
(164,	'pl_PL',	'Wprowadź swoje nowe hasło'),
(165,	'pl_PL',	'Użytkownik o podanym adresie email nie istnieje.'),
(166,	'pl_PL',	'Nazwa użytkownika'),
(167,	'pl_PL',	'Hasło'),
(168,	'pl_PL',	'Ta nazwa użytwkonika jest już zajęta'),
(169,	'pl_PL',	'Ten adres email jest już zajety'),
(170,	'pl_PL',	'Hasłą nie pasują do siebie'),
(171,	'pl_PL',	'Powtórz hasło'),
(172,	'pl_PL',	'Hasła się nie zgadzają'),
(173,	'pl_PL',	'Czeka na wysłanie'),
(174,	'pl_PL',	'Nie wysłano'),
(175,	'pl_PL',	'Wysłano'),
(176,	'pl_PL',	'Operacje'),
(177,	'pl_PL',	'Wstrzymane'),
(178,	'pl_PL',	'Obiekt został utworzony pomyślnie.'),
(179,	'pl_PL',	'Obiekt został usunięty pomyślnie.'),
(180,	'pl_PL',	'Obiekt nie może być zaktualizowany.'),
(181,	'pl_PL',	'Obiekt nie może być utworzony.'),
(182,	'pl_PL',	'Obiekt nie może być wyświetlony.'),
(1,	'en_US',	'Username'),
(2,	'en_US',	'Name'),
(3,	'en_US',	'Password'),
(4,	'en_US',	'Password repeat'),
(5,	'en_US',	'Role'),
(6,	'en_US',	'Rolename'),
(7,	'en_US',	'Created'),
(8,	'en_US',	'Email'),
(9,	'en_US',	'All users'),
(10,	'en_US',	'Add user'),
(11,	'en_US',	'View'),
(12,	'en_US',	'Delete'),
(13,	'en_US',	'Edit'),
(14,	'en_US',	'Information'),
(15,	'en_US',	'System'),
(16,	'en_US',	'SMTP'),
(17,	'en_US',	'Default title'),
(18,	'en_US',	'File manager'),
(19,	'en_US',	'Name'),
(20,	'en_US',	'Email'),
(21,	'en_US',	'Phone'),
(22,	'en_US',	'Website'),
(23,	'en_US',	'Street and number'),
(24,	'en_US',	'City'),
(25,	'en_US',	'Zipcode'),
(26,	'en_US',	'Smtp host'),
(27,	'en_US',	'Smtp login'),
(28,	'en_US',	'Smtp password'),
(29,	'en_US',	'Smtp port'),
(30,	'en_US',	'Purple'),
(31,	'en_US',	'Purple Light'),
(32,	'en_US',	'Theme'),
(33,	'en_US',	'Black'),
(34,	'en_US',	'Black Light'),
(35,	'en_US',	'Blue'),
(36,	'en_US',	'Blue Light'),
(37,	'en_US',	'Green'),
(38,	'en_US',	'Green Light'),
(39,	'en_US',	'Red'),
(40,	'en_US',	'Red Light'),
(41,	'en_US',	'Yellow'),
(42,	'en_US',	'Yellow Light'),
(43,	'en_US',	'Logout'),
(44,	'en_US',	'Joined'),
(45,	'en_US',	'Account'),
(46,	'en_US',	'Toggle navigation'),
(47,	'en_US',	'Navigation'),
(48,	'en_US',	'Home'),
(49,	'en_US',	'File Manager'),
(50,	'en_US',	'Users'),
(51,	'en_US',	'Settings'),
(52,	'en_US',	'Choose account type'),
(53,	'en_US',	'Create'),
(54,	'en_US',	'Update'),
(55,	'en_US',	'Users'),
(56,	'en_US',	'Show all'),
(57,	'en_US',	'Users (Plural)'),
(58,	'en_US',	'Users (Singular)'),
(59,	'en_US',	'\r\nAn unexpected error occurred, please contact with administrator.'),
(60,	'en_US',	'Error occured, you don\'t have administrator permission.'),
(61,	'en_US',	'You are not allowed to edit this object.'),
(62,	'en_US',	'Object was updated successfully.'),
(63,	'en_US',	'You are not allowed to delete this object.'),
(64,	'en_US',	'Account {account} was successfully deleted.'),
(65,	'en_US',	'This object cannot be deleted.'),
(66,	'en_US',	'You are not allowed to create new user.'),
(67,	'en_US',	'You are not allowed to view this object.'),
(68,	'en_US',	'You are not allowed to save this settings.'),
(69,	'en_US',	'Update user'),
(70,	'en_US',	'You do not have correct permissions to access that site.'),
(71,	'en_US',	'Settings have been successfully saved.'),
(77,	'en_US',	'All'),
(83,	'en_US',	'Footer text'),
(85,	'en_US',	'Smtp encryption'),
(86,	'en_US',	'Password'),
(87,	'en_US',	'Sender'),
(88,	'en_US',	'Languages'),
(89,	'en_US',	'All languages'),
(90,	'en_US',	'Add language'),
(91,	'en_US',	'Add language'),
(92,	'en_US',	'Name'),
(93,	'en_US',	'Symbol'),
(94,	'en_US',	'Manage'),
(95,	'en_US',	'Details'),
(96,	'en_US',	'Update language'),
(97,	'en_US',	'For consistency, all locale IDs should be canonicalized to the format of eg. en_US or pl_PL'),
(98,	'en_US',	'Language'),
(99,	'en_US',	'Choose language'),
(100,	'en_US',	'Update language'),
(101,	'en_US',	'For consistency, all locale IDs should be canonicalized to the format of eg. en_US or pl_PL'),
(102,	'en_US',	'Update language'),
(103,	'en_US',	'Navigation position'),
(104,	'en_US',	'Choose navigation position'),
(105,	'en_US',	'Left (sidebar)'),
(106,	'en_US',	'Top (header)'),
(107,	'en_US',	'Language level'),
(108,	'en_US',	'Choose language level'),
(109,	'en_US',	'Cookie'),
(110,	'en_US',	'User'),
(111,	'en_US',	'Global'),
(112,	'en_US',	'Language'),
(113,	'en_US',	'Test accounts'),
(114,	'en_US',	'Password'),
(115,	'en_US',	'Login'),
(116,	'en_US',	'Reset password'),
(117,	'en_US',	'Login page'),
(118,	'en_US',	'Please fill out your email. A link to reset password will be sent there.'),
(119,	'en_US',	'Send'),
(120,	'en_US',	'Save'),
(121,	'en_US',	'Request password reset'),
(122,	'en_US',	'Mailer'),
(123,	'en_US',	'Sen'),
(124,	'en_US',	'Send'),
(125,	'en_US',	'Messages'),
(126,	'en_US',	'Message parts'),
(127,	'en_US',	'Subscribers'),
(128,	'en_US',	'Send message'),
(129,	'en_US',	'Create message'),
(130,	'en_US',	'Import subscribers'),
(131,	'en_US',	'Export subscribers'),
(132,	'en_US',	'Title'),
(133,	'en_US',	'Status'),
(134,	'en_US',	'Send Date'),
(135,	'en_US',	'System'),
(136,	'en_US',	'Language'),
(137,	'en_US',	'Name'),
(138,	'en_US',	'Content'),
(139,	'en_US',	'Include default header'),
(140,	'en_US',	'Include default footer'),
(141,	'en_US',	'System'),
(142,	'en_US',	'Remember to check if default header and default footer exists in selected language.'),
(143,	'en_US',	'Create Message'),
(144,	'en_US',	'No'),
(145,	'en_US',	'Yes'),
(146,	'en_US',	'Name'),
(147,	'en_US',	'Title'),
(148,	'en_US',	'Content'),
(149,	'en_US',	'Language'),
(150,	'en_US',	'Name'),
(151,	'en_US',	'Email'),
(152,	'en_US',	'Join Date'),
(153,	'en_US',	'Import from CSV file'),
(154,	'en_US',	'Import Subscribers'),
(155,	'en_US',	'To workers'),
(156,	'en_US',	'To subscribers'),
(157,	'en_US',	'Send message'),
(158,	'en_US',	'Mailer Message ID'),
(159,	'en_US',	'Choose a message'),
(160,	'en_US',	'In this message, you can use tags, which will be replaced by content during send.'),
(161,	'en_US',	'Reset password url'),
(162,	'en_US',	'Check your email for further instructions.'),
(163,	'en_US',	'Password was changed. You can log in now.'),
(164,	'en_US',	'Please choose your new password'),
(165,	'en_US',	'There is no user with such email.'),
(166,	'en_US',	'Username'),
(167,	'en_US',	'Password'),
(168,	'en_US',	'This username has already been taken'),
(169,	'en_US',	'This email address has already been taken'),
(170,	'en_US',	'Passwords do not match'),
(171,	'en_US',	'Password repeat'),
(172,	'en_US',	'Passwords do not match'),
(173,	'en_US',	'Waiting for send'),
(174,	'en_US',	'Not send'),
(175,	'en_US',	'Send'),
(176,	'en_US',	'Operations'),
(177,	'en_US',	'Canceled'),
(178,	'en_US',	'Object was created successfully.'),
(179,	'en_US',	'Object was deleted successfully.'),
(180,	'en_US',	'Object cannot be updated.'),
(181,	'en_US',	'Object cannot be created.'),
(182,	'en_US',	'Object cannot be viewed.');

DROP TABLE IF EXISTS `fbb_i18n_source`;
CREATE TABLE `fbb_i18n_source` (
  `id` int(11) NOT NULL AUTO_INCREMENT,
  `category` varchar(255) COLLATE utf8_unicode_ci DEFAULT NULL,
  `message` text COLLATE utf8_unicode_ci,
  PRIMARY KEY (`id`)
) ENGINE=InnoDB DEFAULT CHARSET=utf8 COLLATE=utf8_unicode_ci;

INSERT INTO `fbb_i18n_source` (`id`, `category`, `message`) VALUES
(1,	'user',	'Username'),
(2,	'user',	'Name'),
(3,	'user',	'Password'),
(4,	'user',	'Password repeat'),
(5,	'user',	'Role'),
(6,	'user',	'Rolename'),
(7,	'user',	'Created'),
(8,	'user',	'Email'),
(9,	'user',	'All users'),
(10,	'user',	'Add user'),
(11,	'system',	'View'),
(12,	'system',	'Delete'),
(13,	'system',	'Edit'),
(14,	'settings',	'Information'),
(15,	'settings',	'System'),
(16,	'settings',	'SMTP'),
(17,	'settings',	'Default title'),
(18,	'settings',	'File manager'),
(19,	'settings',	'Name'),
(20,	'settings',	'Email'),
(21,	'settings',	'Phone'),
(22,	'settings',	'Website'),
(23,	'settings',	'Street and number'),
(24,	'settings',	'City'),
(25,	'settings',	'Zipcode'),
(26,	'settings',	'Smtp host'),
(27,	'settings',	'Smtp login'),
(28,	'settings',	'Smtp password'),
(29,	'settings',	'Smtp port'),
(30,	'theme',	'Purple'),
(31,	'theme',	'Purple Light'),
(32,	'settings',	'Theme'),
(33,	'theme',	'Black'),
(34,	'theme',	'Black Light'),
(35,	'theme',	'Blue'),
(36,	'theme',	'Blue Light'),
(37,	'theme',	'Green'),
(38,	'theme',	'Green Light'),
(39,	'theme',	'Red'),
(40,	'theme',	'Red Light'),
(41,	'theme',	'Yellow'),
(42,	'theme',	'Yellow Light'),
(43,	'system',	'Logout'),
(44,	'system',	'Joined'),
(45,	'system',	'Account'),
(46,	'system',	'Toggle navigation'),
(47,	'system',	'Navigation'),
(48,	'navigation',	'Home'),
(49,	'navigation',	'File Manager'),
(50,	'navigation',	'Users'),
(51,	'navigation',	'Settings'),
(52,	'system',	'Choose account type'),
(53,	'system',	'Create'),
(54,	'system',	'Update'),
(55,	'system',	'Users'),
(56,	'system',	'Show all'),
(57,	'system',	'Users (Plural)'),
(58,	'system',	'Users (Singular)'),
(59,	'system',	'\r\nAn unexpected error occurred, please contact with administrator.'),
(60,	'system',	'Error occured, you don\'t have administrator permission.'),
(61,	'system',	'You are not allowed to edit this object.'),
(62,	'system',	'Object was updated successfully.'),
(63,	'system',	'You are not allowed to delete this object.'),
(64,	'user',	'Account {account} was successfully deleted.'),
(65,	'system',	'This object cannot be deleted.'),
(66,	'user',	'You are not allowed to create new user.'),
(67,	'system',	'You are not allowed to view this object.'),
(68,	'system',	'You are not allowed to save this settings.'),
(69,	'user',	'Update user'),
(70,	'system',	'You do not have correct permissions to access that site.'),
(71,	'system',	'Settings have been successfully saved.'),
(77,	'system',	'All'),
(83,	'settings',	'Footer text'),
(85,	'settings',	'Smtp encryption'),
(86,	'settings',	'Password'),
(87,	'settings',	'Sender'),
(88,	'navigation',	'Languages'),
(89,	'language',	'All languages'),
(90,	'navigation',	'Add language'),
(91,	'language',	'Add language'),
(92,	'language',	'Name'),
(93,	'language',	'Symbol'),
(94,	'system',	'Manage'),
(95,	'system',	'Details'),
(96,	'system',	'Update language'),
(97,	'system',	'For consistency, all locale IDs should be canonicalized to the format of eg. en_US or pl_PL'),
(98,	'settings',	'Language'),
(99,	'settings',	'Choose language'),
(100,	'language',	'Update language'),
(101,	'language',	'For consistency, all locale IDs should be canonicalized to the format of eg. en_US or pl_PL'),
(102,	'language',	'Update language'),
(103,	'settings',	'Navigation position'),
(104,	'settings',	'Choose navigation position'),
(105,	'settings',	'Left (sidebar)'),
(106,	'settings',	'Top (header)'),
(107,	'settings',	'Language level'),
(108,	'settings',	'Choose language level'),
(109,	'settings',	'Cookie'),
(110,	'settings',	'User'),
(111,	'settings',	'Global'),
(112,	'user',	'Language'),
(113,	'auth',	'Test accounts'),
(114,	'auth',	'Password'),
(115,	'auth',	'Login'),
(116,	'auth',	'Reset password'),
(117,	'auth',	'Login page'),
(118,	'auth',	'Please fill out your email. A link to reset password will be sent there.'),
(119,	'system',	'Send'),
(120,	'system',	'Save'),
(121,	'auth',	'Request password reset'),
(122,	'navigation',	'Mailer'),
(123,	'mailer',	'Sen'),
(124,	'mailer',	'Send'),
(125,	'mailer',	'Messages'),
(126,	'mailer',	'Message parts'),
(127,	'mailer',	'Subscribers'),
(128,	'mailer',	'Send message'),
(129,	'mailer',	'Create message'),
(130,	'mailer',	'Import subscribers'),
(131,	'mailer',	'Export subscribers'),
(132,	'mailer_message',	'Title'),
(133,	'mailer',	'Status'),
(134,	'mailer',	'Send Date'),
(135,	'mailer_message',	'System'),
(136,	'mailer_message',	'Language'),
(137,	'mailer_message',	'Name'),
(138,	'mailer_message',	'Content'),
(139,	'mailer_message',	'Include default header'),
(140,	'mailer_message',	'Include default footer'),
(141,	'mailer_message',	'System'),
(142,	'mailer_message',	'Remember to check if default header and default footer exists in selected language.'),
(143,	'mailer_message',	'Create Message'),
(144,	'system',	'No'),
(145,	'system',	'Yes'),
(146,	'mailer_message_part',	'Name'),
(147,	'mailer_message_part',	'Title'),
(148,	'mailer_message_part',	'Content'),
(149,	'mailer_message_part',	'Language'),
(150,	'mailer_subscriber',	'Name'),
(151,	'mailer_subscriber',	'Email'),
(152,	'mailer_subscriber',	'Join Date'),
(153,	'system',	'Import from CSV file'),
(154,	'mailer_subscriber',	'Import Subscribers'),
(155,	'mailer',	'To workers'),
(156,	'mailer',	'To subscribers'),
(157,	'mailer',	'Send message'),
(158,	'mailer',	'Mailer Message ID'),
(159,	'mailer',	'Choose a message'),
(160,	'mailer_message',	'In this message, you can use tags, which will be replaced by content during send.'),
(161,	'mailer_message_tag',	'Reset password url'),
(162,	'system',	'Check your email for further instructions.'),
(163,	'system',	'Password was changed. You can log in now.'),
(164,	'auth',	'Please choose your new password'),
(165,	'auth',	'There is no user with such email.'),
(166,	'auth',	'Username'),
(167,	'auth',	'Password'),
(168,	'user',	'This username has already been taken'),
(169,	'user',	'This email address has already been taken'),
(170,	'user',	'Passwords do not match'),
(171,	'auth',	'Password repeat'),
(172,	'auth',	'Passwords do not match'),
(173,	'mailer',	'Waiting for send'),
(174,	'mailer',	'Not send'),
(175,	'mailer',	'Send'),
(176,	'mailer',	'Operations'),
(177,	'mailer',	'Canceled'),
(178,	'system',	'Object was created successfully.'),
(179,	'system',	'Object was deleted successfully.'),
(180,	'system',	'Object cannot be updated.'),
(181,	'system',	'Object cannot be created.'),
(182,	'system',	'Object cannot be viewed.');

DROP TABLE IF EXISTS `fbb_mailer`;
CREATE TABLE `fbb_mailer` (
  `id` int(11) NOT NULL AUTO_INCREMENT,
  `mailer_message_id` int(11) NOT NULL,
  `status` tinyint(4) NOT NULL DEFAULT '0',
  `send_date` datetime NOT NULL,
  `send_to` varchar(128) COLLATE utf8_unicode_ci NOT NULL,
  PRIMARY KEY (`id`),
  KEY `newsletter_message_id` (`mailer_message_id`),
  KEY `newsletter_ subscriber_id` (`status`),
  CONSTRAINT `fbb_mailer_ibfk_2` FOREIGN KEY (`mailer_message_id`) REFERENCES `fbb_mailer_message` (`id`) ON DELETE CASCADE ON UPDATE CASCADE
) ENGINE=InnoDB DEFAULT CHARSET=utf8 COLLATE=utf8_unicode_ci;


DROP TABLE IF EXISTS `fbb_mailer_data`;
CREATE TABLE `fbb_mailer_data` (
  `id` int(11) NOT NULL AUTO_INCREMENT,
  `mailer_id` int(11) NOT NULL,
  `mailer_subscriber_id` int(11) DEFAULT NULL,
  `mailer_user_id` int(11) DEFAULT NULL,
  PRIMARY KEY (`id`),
  KEY `newsletter_id` (`mailer_id`),
  KEY `mail_user_id` (`mailer_user_id`),
  KEY `mail_subscriber_id` (`mailer_subscriber_id`),
  CONSTRAINT `fbb_mailer_data_ibfk_1` FOREIGN KEY (`mailer_id`) REFERENCES `fbb_mailer` (`id`) ON DELETE CASCADE ON UPDATE CASCADE,
  CONSTRAINT `fbb_mailer_data_ibfk_2` FOREIGN KEY (`mailer_user_id`) REFERENCES `fbb_user` (`id`) ON DELETE CASCADE ON UPDATE CASCADE,
  CONSTRAINT `fbb_mailer_data_ibfk_3` FOREIGN KEY (`mailer_subscriber_id`) REFERENCES `fbb_mailer_subscriber` (`id`)
) ENGINE=InnoDB DEFAULT CHARSET=utf8 COLLATE=utf8_unicode_ci;


DROP TABLE IF EXISTS `fbb_mailer_message`;
CREATE TABLE `fbb_mailer_message` (
  `id` int(11) NOT NULL AUTO_INCREMENT,
  `name` varchar(256) COLLATE utf8_unicode_ci NOT NULL,
  `title` varchar(256) COLLATE utf8_unicode_ci NOT NULL,
  `content` text COLLATE utf8_unicode_ci NOT NULL,
  `add_footer` tinyint(4) NOT NULL,
  `add_header` tinyint(4) NOT NULL,
  `language` varchar(6) COLLATE utf8_unicode_ci NOT NULL,
  `system` tinyint(4) NOT NULL DEFAULT '1',
  PRIMARY KEY (`id`)
) ENGINE=InnoDB DEFAULT CHARSET=utf8 COLLATE=utf8_unicode_ci;

INSERT INTO `fbb_mailer_message` (`id`, `name`, `title`, `content`, `add_footer`, `add_header`, `language`, `system`) VALUES
(1,	'example_message',	'Przykładowa wiadomość',	'<p>Przykładowa wiadomość</p>',	0,	0,	'pl_PL',	0),
(2,	'example_message',	'Example message',	'<p>Example message</p>',	0,	0,	'en_US',	0),
(3,	'password_reset_request',	'Przypomnienie hasła',	'<p>By zresetować swoje hasło przejdź pod ten adres {reset_password_url}</p>',	1,	1,	'pl_PL',	1),
(4,	'password_reset_request',	'Password reset',	'<p>To reset your password go to {reset_password_url}</p>',	1,	1,	'en_US',	1);

DROP TABLE IF EXISTS `fbb_mailer_message_part`;
CREATE TABLE `fbb_mailer_message_part` (
  `id` int(11) NOT NULL AUTO_INCREMENT,
  `name` varchar(128) COLLATE utf8_unicode_ci NOT NULL,
  `title` varchar(128) COLLATE utf8_unicode_ci NOT NULL,
  `content` text COLLATE utf8_unicode_ci NOT NULL,
  `language` varchar(6) COLLATE utf8_unicode_ci NOT NULL,
  PRIMARY KEY (`id`)
) ENGINE=InnoDB DEFAULT CHARSET=utf8 COLLATE=utf8_unicode_ci;

INSERT INTO `fbb_mailer_message_part` (`id`, `name`, `title`, `content`, `language`) VALUES
(1,	'header',	'Nagłówek',	'<p>Witamy!</p>',	'pl_PL'),
(2,	'footer',	'Stopka',	'<p>Pozdrawiamy!</p>',	'pl_PL'),
(9,	'header',	'Header',	'<p>Hello!</p>',	'en_US'),
(10,	'footer',	'Footer',	'<p>Regards.</p>',	'en_US');

DROP TABLE IF EXISTS `fbb_mailer_message_tag`;
CREATE TABLE `fbb_mailer_message_tag` (
  `id` int(11) NOT NULL AUTO_INCREMENT,
  `mailer_message_id` int(11) NOT NULL,
  `name` varchar(125) COLLATE utf8_unicode_ci NOT NULL,
  `description` text COLLATE utf8_unicode_ci NOT NULL,
  PRIMARY KEY (`id`),
  KEY `newsletter_message_id` (`mailer_message_id`),
  CONSTRAINT `fbb_mailer_message_tag_ibfk_1` FOREIGN KEY (`mailer_message_id`) REFERENCES `fbb_mailer_message` (`id`) ON UPDATE CASCADE
) ENGINE=InnoDB DEFAULT CHARSET=utf8 COLLATE=utf8_unicode_ci;

INSERT INTO `fbb_mailer_message_tag` (`id`, `mailer_message_id`, `name`, `description`) VALUES
(1,	3,	'reset_password_url',	'Reset password url'),
(2,	4,	'reset_password_url',	'Reset password url');

DROP TABLE IF EXISTS `fbb_mailer_subscriber`;
CREATE TABLE `fbb_mailer_subscriber` (
  `id` int(11) NOT NULL AUTO_INCREMENT,
  `name` varchar(128) COLLATE utf8_unicode_ci NOT NULL,
  `email` varchar(128) COLLATE utf8_unicode_ci NOT NULL,
  `join_date` datetime NOT NULL,
  `active` tinyint(4) NOT NULL DEFAULT '1',
  PRIMARY KEY (`id`),
  UNIQUE KEY `email` (`email`)
) ENGINE=InnoDB DEFAULT CHARSET=utf8 COLLATE=utf8_unicode_ci;


DROP TABLE IF EXISTS `fbb_menu`;
CREATE TABLE `fbb_menu` (
  `id` int(11) NOT NULL AUTO_INCREMENT,
  `parent_id` int(11) NOT NULL DEFAULT '0',
  `name` varchar(256) COLLATE utf8_unicode_ci NOT NULL,
  `symbol` varchar(64) COLLATE utf8_unicode_ci NOT NULL,
  `route` varchar(256) COLLATE utf8_unicode_ci NOT NULL,
  `route_options` varchar(256) COLLATE utf8_unicode_ci DEFAULT NULL,
  `icon` varchar(128) COLLATE utf8_unicode_ci NOT NULL DEFAULT 'fa fa-th',
  `position` int(11) NOT NULL,
  `admin_access` tinyint(4) NOT NULL DEFAULT '0',
  PRIMARY KEY (`id`)
) ENGINE=InnoDB DEFAULT CHARSET=utf8 COLLATE=utf8_unicode_ci;

INSERT INTO `fbb_menu` (`id`, `parent_id`, `name`, `symbol`, `route`, `route_options`, `icon`, `position`, `admin_access`) VALUES
(1,	0,	'Home',	'HOME',	'site',	NULL,	'fa fa-home',	0,	0),
(2,	0,	'Users',	'USER',	'user',	NULL,	'fa fa-users',	2,	0),
(3,	0,	'Settings',	'SETTINGS',	'settings',	NULL,	'fa fa-cogs',	5,	1),
(4,	0,	'File Manager',	'FILEMANAGER',	'file-manager',	NULL,	'fa fa-file',	4,	0),
(6,	0,	'Languages',	'LANGUAGE',	'language',	NULL,	'fa fa-language',	3,	0),
(9,	0,	'Mailer',	'MAILER',	'mailer',	NULL,	'fa fa-envelope-o',	1,	0);

DROP TABLE IF EXISTS `fbb_settings`;
CREATE TABLE `fbb_settings` (
  `id` int(11) NOT NULL AUTO_INCREMENT,
  `key` varchar(128) COLLATE utf8_unicode_ci NOT NULL,
  `value` varchar(256) COLLATE utf8_unicode_ci DEFAULT NULL,
  `default` varchar(256) COLLATE utf8_unicode_ci DEFAULT NULL,
  `description` text COLLATE utf8_unicode_ci,
  `module` varchar(64) COLLATE utf8_unicode_ci NOT NULL DEFAULT 'SYSTEM',
  PRIMARY KEY (`id`)
) ENGINE=InnoDB DEFAULT CHARSET=utf8 COLLATE=utf8_unicode_ci;

INSERT INTO `fbb_settings` (`id`, `key`, `value`, `default`, `description`, `module`) VALUES
(1,	'name',	NULL,	NULL,	NULL,	'INFORMATION'),
(2,	'email',	NULL,	NULL,	NULL,	'INFORMATION'),
(3,	'phone',	NULL,	NULL,	NULL,	'INFORMATION'),
(4,	'website',	NULL,	NULL,	NULL,	'INFORMATION'),
(5,	'street',	NULL,	NULL,	NULL,	'INFORMATION'),
(6,	'city',	NULL,	NULL,	NULL,	'INFORMATION'),
(7,	'zip',	NULL,	NULL,	NULL,	'INFORMATION'),
(8,	'host',	NULL,	NULL,	NULL,	'SMTP'),
(9,	'login',	NULL,	NULL,	NULL,	'SMTP'),
(10,	'password',	NULL,	NULL,	NULL,	'SMTP'),
(11,	'port',	NULL,	NULL,	NULL,	'SMTP'),
(12,	'encryption',	NULL,	NULL,	NULL,	'SMTP'),
(13,	'site_title',	'Fluid Base Basic',	NULL,	NULL,	'SYSTEM'),
(14,	'file_manager',	'1',	NULL,	NULL,	'SYSTEM'),
(15,	'theme',	'skin-blue',	'skin-purple-light',	'Theme of the panel',	'SYSTEM'),
(17,	'login',	NULL,	NULL,	NULL,	'SMS'),
(18,	'password',	NULL,	NULL,	NULL,	'SMS'),
(19,	'sender',	NULL,	NULL,	NULL,	'SMS'),
(20,	'footer_text',	'<p>Copyright &copy; <a href=\"http://tavoite.pl\">Tavoite</a>. All right reserved.</p>',	'Copyright © <a href=\"http://tavoite.pl\">Tavoite</a>. All right reserved.',	NULL,	'SYSTEM'),
(21,	'language',	'pl_PL',	'pl_PL',	NULL,	'SYSTEM'),
(22,	'language_level',	'global',	'global',	'Option sets level of language translation.\r\nAccepted values: cookie, user, global\r\nDescription:\r\n - cookie (individual for every computer and browser)\r\n - user (every user can set different language)\r\n - global (the same language for all user on veery computer)',	'SYSTEM'),
(23,	'navigation_position',	'left',	'left',	'Position of navigation and rest elements wchich are common',	'SYSTEM');

DROP TABLE IF EXISTS `fbb_user`;
CREATE TABLE `fbb_user` (
  `id` int(11) NOT NULL AUTO_INCREMENT,
  `username` varchar(255) COLLATE utf8_unicode_ci NOT NULL,
  `name` varchar(255) COLLATE utf8_unicode_ci NOT NULL,
  `email` varchar(255) COLLATE utf8_unicode_ci NOT NULL,
  `avatar` varchar(255) COLLATE utf8_unicode_ci DEFAULT NULL,
  `auth_key` varchar(32) COLLATE utf8_unicode_ci NOT NULL,
  `password_hash` varchar(255) COLLATE utf8_unicode_ci NOT NULL,
  `password_reset_token` varchar(255) COLLATE utf8_unicode_ci DEFAULT NULL,
  `language` varchar(6) COLLATE utf8_unicode_ci DEFAULT NULL COMMENT 'Dont'' worry, can be empty',
  `status` smallint(6) NOT NULL DEFAULT '10',
  `deletable` smallint(4) NOT NULL DEFAULT '0',
  `created_at` int(11) NOT NULL,
  `updated_at` int(11) NOT NULL,
  PRIMARY KEY (`id`),
  UNIQUE KEY `username` (`username`),
  UNIQUE KEY `email` (`email`),
  UNIQUE KEY `password_reset_token` (`password_reset_token`)
) ENGINE=InnoDB DEFAULT CHARSET=utf8 COLLATE=utf8_unicode_ci;

INSERT INTO `fbb_user` (`id`, `username`, `name`, `email`, `avatar`, `auth_key`, `password_hash`, `password_reset_token`, `language`, `status`, `deletable`, `created_at`, `updated_at`) VALUES
(1,	'admin',	'Paweł Mrowiec',	'kontakt@tavoite.pl',	'/images/avatars/men3.png',	'cshEQBMEcJQn8vSe4xSLhVH6EtVk_t-U',	'$2y$13$mmHDRtvIw5mCpo0.BJ2AIuDOgVUg.DtD8vJRfD0xl5me6/f8JBMJK',	NULL,	'pl_PL',	10,	0,	0,	1474204414),
(2,	'worker',	'Jan Kowalski',	'worker@tavoite.pl',	'/images/avatars/men2.png',	'lXhLtRRvLKbLBrqejETl2gksuC2v6kz9',	'$2y$13$PwS1ES4kKezWPLi2t2RFqOY16l0ZGNss3aHaHCWXiXHQN/24ny6.2',	NULL,	NULL,	10,	1,	0,	1474204922);

-- 2016-09-18 13:56:44
